Tahun,Indonesia
2022,37185.753280006924
2023,36873.05807248743
