Jenis Bahan Makanan,Satuan,2019,2020,2021,2022,2023
Daging ayam ras/kampung,kg,0.1240742634549401,0.1299527480071717,0.1418173075170531,0.1530290127532371,0.157670013585584
